neha,the quick brown fox jumps over the lazy dog
akshaya,"the quick brown fox jumps over the lazy ,
"
sreerag,Lorem ipsum
89949e57-cb93-40af-92db-e0bf8f0dc54b,vishnu,c write know howerter
ee00137a-8307-4142-a952-42012d2e61e7,vishnu,i dont know anytinig
89949e57-cb93-40af-92db-e0bf8f0dc54b,vishnu,i dont know anytinig
89949e57-cb93-40af-92db-e0bf8f0dc54b,vishnu,ajsldfl;asdfj
417b89df-471e-46d9-a53e-75092e67e334,akshaya,dadhfadsklfha;flsaflkafn
417b89df-471e-46d9-a53e-75092e67e334,akshaya,he is a girl
9aea820d-c18e-4595-a980-d2c621469b5a,sreerag,big brown a dog has she under shady tree reading 
9aea820d-c18e-4595-a980-d2c621469b5a,sreerag,big brown a dog has she under shady tree reading 
6366505b-4e65-444c-929c-ead37d1de28c,asfdasdf,sadjlahdfjklasfdlhk
87c21d23-5480-46d6-9da3-15fa0ac0c1cd,Vishnu,kyul3rkfh4rjtgf
89949e57-cb93-40af-92db-e0bf8f0dc54b,vishnu,"kyul3rkfh4rjtgfjgefv,evmfv"
acbca488-baba-4e1d-95de-7208f0ff69d6,yryhyhtfh,tyn
89949e57-cb93-40af-92db-e0bf8f0dc54b,vishnu,dagadgad
